虚空之女,荒漠屠夫,流浪法师,恶魔小丑,魔法猫咪,亡灵战神,龙血武姬,铸星龙王,荣耀行刑官,正义巨像,44220,40205,胜利
虚空之女,刀锋之影,死亡颂唱者,封魔剑魂,牛头酋长,未来守护者,含羞蓓蕾,披甲龙龟,圣枪游侠,风暴之怒,28354,17568,失败
虚空之女,无双剑姬,狂战士,英勇投射手,天启者,酒桶,影流之镰,发条魔灵,逆羽,熔铁少女,54686,46934,胜利
虚空之女,亡灵战神,兽灵行者,沙漠皇帝,仙灵女巫,迷失之牙,狂战士,正义巨像,逆羽,星簌歌姬,69962,61181,失败
虚空之女,永恒梦魇,兽灵行者,暗黑元首,星簌歌姬,酒桶,永猎双子,发条魔灵,残月之肃,魂锁典狱长,62538,54875,胜利
虚空之女,无双剑姬,虚空遁地兽,正义巨像,蒸汽机器人,青钢影,死亡颂唱者,圣枪游侠,探险家,曙光女神,62935,62544,胜利
虚空之女,无双剑姬,时间刺客,刀锋舞者,牛头酋长,瓦洛兰之盾,战争之影,解脱者,麦林炮手,酒桶,63456,56501,胜利
虚空之女,迷失之牙,蜘蛛女皇,封魔剑魂,牛头酋长,机械公敌,盲僧,符文法师,沙漠玫瑰,远古恐惧,63770,56938,胜利
虚空之女,刀锋舞者,死亡颂唱者,熔岩巨兽,魂锁典狱长,未来守护者,兽灵行者,元素女皇,逆羽,幻翎,33484,25023,胜利
虚空之女,暗裔剑魔,战争之影,机械先驱,堕落天使,酒桶,盲僧,发条魔灵,圣枪游侠,牛头酋长,51775,45971,胜利
虚空之女,暮光之眼,战争之影,发条魔灵,魂锁典狱长,北极之怒,法外狂徒,沙漠皇帝,暴走萝莉,深海泰坦,61857,48844,胜利
虚空之女,解脱者,破败之王,发条魔灵,曙光女神,迷失之牙,虚空掠夺者,正义巨像,麦林炮手,牛头酋长,38790,46538,失败
虚空之女,盲僧,卡牌大师,熔铁少女,解脱者,蛮族之王,狂野女猎手,正义巨像,麦林炮手,牛头酋长,32398,24317,胜利
虚空之女,圣枪游侠,兽灵行者,破败之王,正义巨像,德玛西亚之力,狂野女猎手,元素女皇,麦林炮手,牛头酋长,69108,62535,胜利
虚空之女,炼金术士,盲僧,虚空行者,魂锁典狱长,酒桶,战争之影,暗黑元首,爆破鬼才,星簌歌姬,63265,56486,胜利
虚空之女,熔岩巨兽,雪原双子,暗黑元首,熔铁少女,青钢影,蜘蛛女皇,正义巨像,残月之肃,魂锁典狱长,37911,44900,失败
虚空之女,未来守护者,岩雀,正义巨像,牛头酋长,圣枪游侠,发条魔灵,虚空掠夺者,熔铁少女,逆羽,55461,60161,失败
虚空之女,德玛西亚之力,法外狂徒,迷失之牙,时光守护者,刀锋舞者,战争之影,铸星龙王,逆羽,正义巨像,55534,42588,胜利
虚空之女,暴怒骑士,含羞蓓蕾,冰晶凤凰,仙灵女巫,暗裔剑魔,元素女皇,暴走萝莉,牛头酋长,时间刺客,28036,13998,胜利
虚空之女,荒漠屠夫,翠神,正义巨像,魂锁典狱长,永恒梦魇,盲僧,酒桶,暴走萝莉,瓦洛兰之盾,36907,25430,胜利
虚空之女,暗裔剑魔,生化魔人,疾风剑豪,酒桶,荒漠屠夫,翠神,破败之王,赏金猎人,熔铁少女,48062,36436,胜利
虚空之女,无双剑姬,盲僧,九尾妖狐,唤潮鲛姬,未来守护者,破败之王,正义巨像,残月之肃,魂锁典狱长,23658,34307,失败
虚空之女,诺克萨斯之手,狂野女猎手,冰晶凤凰,牛头酋长,荒漠屠夫,盲僧,冰霜女巫,暴走萝莉,魂锁典狱长,53184,53108,失败
虚空之女,荒漠屠夫,战争之影,影流之主,腕豪,不灭狂雷,影流之镰,刀锋之影,探险家,光辉女郎,74732,75887,失败
虚空之女,荒漠屠夫,狂野女猎手,封魔剑魂,圣锤之毅,诺克萨斯之手,永猎双子,正义巨像,沙漠玫瑰,魂锁典狱长,54713,59059,失败
虚空之女,无双剑姬,时间刺客,刀锋之影,深海泰坦,青钢影,永猎双子,潮汐海灵,逆羽,不屈之枪,37533,24422,胜利
虚空之女,酒桶,狂野女猎手,元素女皇,蒸汽机器人,未来守护者,战争之影,黑暗之女,残月之肃,仙灵女巫,25241,35701,失败
虚空之女,未来守护者,狂野女猎手,刀锋之影,星界游神,酒桶,盲僧,腕豪,星簌歌姬,光辉女郎,57016,65130,失败
虚空之女,未来守护者,蜘蛛女皇,冰晶凤凰,牛头酋长,无畏战车,含羞蓓蕾,元素女皇,麦林炮手,曙光女神,45785,56464,失败
虚空之女,亡灵战神,破败之王,不祥之刃,熔铁少女,腕豪,战争之影,迷失之牙,战争女神,幻翎,58019,45524,胜利
虚空之女,永恒梦魇,蜘蛛女皇,潮汐海灵,正义巨像,迷失之牙,死亡颂唱者,刀锋之影,深渊巨口,魂锁典狱长,28753,42118,失败
虚空之女,德玛西亚之力,含羞蓓蕾,刀锋舞者,天启者,海兽祭司,永猎双子,时间刺客,暗夜猎手,血港鬼影,22820,34020,失败
虚空之女,荒漠屠夫,狂战士,解脱者,蒸汽机器人,暮光之眼,北极之怒,刀锋之影,残月之肃,魂锁典狱长,64864,47165,胜利
虚空之女,荒漠屠夫,盲僧,离群之刺,曙光女神,酒桶,狂战士,封魔剑魂,戏命师,蒸汽机器人,59710,64350,失败
虚空之女,亡灵战神,巨魔之王,正义巨像,熔铁少女,暗裔剑魔,战争之影,九尾妖狐,暗夜猎手,酒桶,53927,61207,失败
虚空之女,迷失之牙,含羞蓓蕾,不祥之刃,牛头酋长,暴怒骑士,雪原双子,影流之主,残月之肃,魂锁典狱长,66595,75356,失败
虚空之女,迷失之牙,狂野女猎手,元素女皇,曙光女神,永恒梦魇,水晶先锋,诡术妖姬,逆羽,酒桶,19404,29146,失败
虚空之女,麦林炮手,虚空遁地兽,狂暴之心,邪恶小法师,荒漠屠夫,盲僧,暮光星灵,荣耀行刑官,扭曲树精,54107,40153,胜利
虚空之女,德玛西亚之翼,含羞蓓蕾,沙漠皇帝,风暴之怒,荒漠屠夫,虚空掠夺者,正义巨像,探险家,扭曲树精,37675,48480,失败
虚空之女,青钢影,含羞蓓蕾,封魔剑魂,牛头酋长,武器大师,祖安怒兽,发条魔灵,战争女神,腕豪,59348,65105,胜利
虚空之女,迷失之牙,狂野女猎手,机械先驱,深海泰坦,齐天大圣,狂战士,冰霜女巫,深渊巨口,牛头酋长,53896,41773,胜利
虚空之女,破败之王,战争之影,潮汐海灵,圣锤之毅,炼金术士,虚空掠夺者,发条魔灵,赏金猎人,蒸汽机器人,65172,51483,胜利
虚空之女,暗裔剑魔,战争之影,暮光星灵,血港鬼影,圣锤之毅,恶魔小丑,机械先驱,逆羽,正义巨像,47589,57064,失败
虚空之女,破败之王,战争之影,暮光星灵,蒸汽机器人,海洋之灾,含羞蓓蕾,封魔剑魂,暴走萝莉,深海泰坦,52763,58209,失败
虚空之女,迷失之牙,盲僧,刀锋舞者,蒸汽机器人,未来守护者,破败之王,暮光星灵,涤魂圣枪,魂锁典狱长,44918,35602,胜利
虚空之女,未来守护者,盲僧,不详之刃,深海泰坦,狂暴之心,影流之镰,封魔剑魂,暗夜猎手,酒桶,53221,37529,胜利
虚空之女,圣锤之毅,含羞蓓蕾,荒漠屠夫,深海泰坦,熔岩巨兽,法外狂徒,正义巨像,暗夜猎手,酒桶,82562,86613,失败
虚空之女,青钢影,含羞蓓蕾,封魔剑魂,深海泰坦,暗裔剑魔,狂野女猎手,元素女皇,复仇之矛,弗雷尔卓德之心,60632,67420,失败
虚空之女,暴怒骑士,酒桶,元素女皇,血港鬼影,青钢影,翠神,虚空行者,暴走萝莉,仙灵女巫,35343,38915,失败
虚空之女,荒漠屠夫,盲僧,时间刺客,蒸汽机器人,海洋之灾,圣锤之毅,机械公敌,暴走萝莉,魂锁典狱长,42921,24185,胜利
虚空之女,未来守护者,含羞蓓蕾,不屈之枪,腕豪,荒漠屠夫,盲僧,时间刺客,麦林炮手,正义巨像,59565,66788,失败
虚空之女,熔岩巨兽,含羞蓓蕾,腕豪,熔铁少女,猩红收割者,战争之影,刀锋舞者,逆羽,血港鬼影,53253,50609,胜利
虚空之女,诺克萨斯之手,岩雀,封魔剑魂,幻翎,青钢影,含羞蓓蕾,圣枪游侠,探险家,蒸汽机器人,67459,60194,胜利
虚空之女,刀锋舞者,蜘蛛女皇,刀锋之影,魂锁典狱长,未来守护者,岩雀,圣枪游侠,探险家,深海泰坦,34808,46978,失败
虚空之女,刀锋舞者,战争之影,卡牌大师,仙灵女巫,暗裔剑魔,虚空掠夺者,诡术妖姬,麦林炮手,星簌歌姬,35576,48179,失败
虚空之女,熔岩巨兽,虚空掠夺者,虚空行者,熔铁少女,未来守护者,含羞蓓蕾,暮光星灵,暴走萝莉,牛头酋长,49420,36065,胜利
虚空之女,未来守护者,圣锤之毅,沙漠皇帝,牛头酋长,迷失之牙,岩雀,封魔剑魂,皮城女警,熔铁少女,31486,40202,失败
虚空之女,刀锋舞者,含羞蓓蕾,机械先驱,蒸汽机器人,迷失之牙,盲僧,永恒梦魇,探险家,岩雀,56931,45151,胜利
虚空之女,刀锋舞者,含羞蓓蕾,封魔剑魂,正义巨像,狂暴之心,傲之追猎者,机械先驱,逆羽,牛头酋长,30047,40519,失败
虚空之女,刀锋舞者,死亡颂唱者,元素女皇,酒桶,圣枪游侠,龙血武姬,无双剑姬,逆羽,熔铁少女,33661,45450,失败
虚空之女,迷失之牙,永猎双子,暮光星灵,星簌歌姬,刀锋舞者,影流之镰,沙漠皇帝,探险家,星界游神,48907,58776,失败
虚空之女,熔岩巨兽,岩雀,封魔剑魂,扭曲树精,青钢影,圣锤之毅,解脱者,复仇之矛,酒桶,61251,51934,胜利
虚空之女,影流之主,含羞蓓蕾,潮汐海灵,熔铁少女,亡灵战神,岩雀,不屈之枪,圣枪游侠,正义巨像,53879,42241,胜利
虚空之女,破败之王,影流之镰,发条魔灵,圣锤之毅,海洋之灾,虚空掠夺者,不屈之枪,赏金猎人,熔铁少女,44414,34269,胜利
虚空之女,诺克萨斯之手,含羞蓓蕾,青钢影,熔铁少女,狂暴之心,战争之影,刀锋之影,探险家,腕豪,35382,29249,胜利
虚空之女,荒漠屠夫,圣锤之毅,发条魔灵,熔铁少女,破败之王,祖安怒兽,光辉女郎,残月之肃,牛头酋长,24682,31361,失败
虚空之女,亡灵战神,狂野女猎手,发条魔灵,幻翎,迷失之牙,虚空掠夺者,暮光星灵,逆羽,血港鬼影,42335,41148,胜利
虚空之女,熔岩巨兽,远古恐惧,荒漠屠夫,生化魔人,未来守护者,德玛西亚皇子,潮汐海灵,逆羽,酒桶,46760,48945,失败
虚空之女,破败之王,盲僧,暗黑元首,幻翎,暮光之眼,恶魔小丑,疾风剑豪,逆羽,深海泰坦,64911,59200,胜利
虚空之女,暮光之眼,岩雀,时间刺客,幻翎,亡灵战神,含羞蓓蕾,未来守护者,大发明家,血港鬼影,63144,62656,胜利
虚空之女,迷失之牙,狂野女猎手,刀锋之影,深海泰坦,圣枪游侠,法外狂徒,暗黑元首,暴走萝莉,魂锁典狱长,63402,54335,胜利
虚空之女,迷失之牙,狂野女猎手,发条魔灵,熔铁少女,山隐之焰,法外狂徒,卡牌大师,探险家,牛头酋长,29905,41059,失败
虚空之女,熔岩巨兽,狂战士,星簌歌姬,仙灵女巫,机械先驱,破败之王,荒漠屠夫,荣耀行刑官,诺克萨斯统领,10287,22436,失败
虚空之女,圣枪游侠,狂野女猎手,元素女皇,诺克萨斯统领,未来守护者,傲之追猎者,铸星龙王,深渊巨口,牛头酋长,59268,53627,胜利
虚空之女,荒漠屠夫,战争之影,机械公敌,腕豪,青钢影,时间刺客,卡牌大师,探险家,星簌歌姬,35337,42388,失败
虚空之女,刀锋舞者,战争之影,沙漠皇帝,星簌歌姬,迷失之牙,蜘蛛女皇,虚空行者,荣耀行刑官,牛头酋长,59038,44787,胜利
虚空之女,暴怒骑士,战争之影,潮汐海灵,牛头酋长,破败之王,狂野女猎手,刀锋之影,赏金猎人,星簌歌姬,52522,63443,失败
虚空之女,万花通灵,影流之镰,铸星龙王,星簌歌姬,仙灵女巫,虚空掠夺者,机械先驱,疾风剑豪,诺克萨斯统领,20026,34128,失败
虚空之女,机械公敌,时间刺客,破败之王,血港鬼影,迷失之牙,含羞蓓蕾,暗黑元首,复仇之矛,星簌歌姬,38347,42612,失败
虚空之女,武器大师,盲僧,冰霜女巫,曙光女神,暴怒骑士,战争之影,沙漠皇帝,荣耀行刑官,魂锁典狱长,52864,42925,胜利
虚空之女,仙灵女巫,破败之王,解脱者,血港鬼影,迷失之牙,虚空遁地兽,符文法师,残月之肃,酒桶,34562,20424,胜利
虚空之女,扭曲树精,恶魔小丑,猩红收割者,深海泰坦,青钢影,含羞蓓蕾,刀锋之影,残月之肃,天启者,57966,53930,胜利
虚空之女,酒桶,盲僧,卡牌大师,魂锁典狱长,暗裔剑魔,狂野女猎手,疾风剑豪,麦林炮手,牛头酋长,51978,65672,失败
虚空之女,熔岩巨兽,法外狂徒,机械公敌,牛头酋长,未来守护者,含羞蓓蕾,影流之主,逆羽,天启者,53825,62860,失败
虚空之女,山隐之焰,皮城执法官,圣枪游侠,牛头酋长,迷失之牙,翠神,暮光星灵,暗夜猎手,熔铁少女,37072,49616,失败
虚空之女,圣锤之毅,法外狂徒,发条魔灵,熔铁少女,迷失之牙,狂野女猎手,卡牌大师,深渊巨口,仙灵女巫,47213,36986,胜利
虚空之女,无双剑姬,狂野女猎手,虚空行者,牛头酋长,暗裔剑魔,法外狂徒,暗黑元首,深渊巨口,酒桶,68465,61880,胜利
虚空之女,圣锤之毅,含羞蓓蕾,疾风剑豪,远古恐惧,海洋之灾,死亡颂唱者,卡牌大师,逆羽,曙光女神,37432,45854,失败
虚空之女,无双剑姬,翠神,不详之刃,星簌歌姬,魔蛇之拥,狂战士,机械先驱,麦林炮手,扭曲树精,44528,57125,失败
虚空之女,荒漠屠夫,狂野女猎手,皎月女神,魂锁典狱长,未来守护者,德邦总管,诡术妖姬,赏金猎人,曙光女神,37098,25293,胜利
虚空之女,迷失之牙,含羞蓓蕾,疾风剑豪,深海泰坦,酒桶,岩雀,腕豪,麦林炮手,幻翎,26866,34069,失败
虚空之女,荒漠屠夫,圣锤之毅,冰晶凤凰,魂锁典狱长,迷失之牙,含羞蓓蕾,正义巨像,暴走萝莉,酒桶,29898,34017,失败
虚空之女,扭曲树精,法外狂徒,暮光星灵,正义巨像,解脱者,战争之影,影流之主,暴走萝莉,仙灵女巫,49798,36029,胜利
虚空之女,离群之刺,虚空遁地兽,暮光星灵,牛头酋长,荒漠屠夫,远古恐惧,解脱者,麦林炮手,酒桶,52847,58964,失败
虚空之女,诺克萨斯之手,含羞蓓蕾,血港鬼影,牛头酋长,迷失之牙,死亡颂唱者,永恒梦魇,逆羽,熔铁少女,97156,80976,胜利
虚空之女,青钢影,德邦总管,不详之刃,牛头酋长,迷失之牙,战争之影,解脱者,麦林炮手,深海泰坦,38850,51723,失败
虚空之女,武器大师,狂野女猎手,元素女皇,牛头酋长,离群之刺,战争之影,卡牌大师,麦林炮手,星界游神,31393,26164,胜利
虚空之女,无双剑姬,蜘蛛女皇,圣枪游侠,牛头酋长,诺克萨斯之手,皮城执法官,冰晶凤凰,麦林炮手,蒸汽机器人,44137,39182,胜利
虚空之女,未来守护者,兽灵行者,不详之刃,魂锁典狱长,放逐之刃,盲僧,时间刺客,麦林炮手,熔铁少女,53689,61496,失败
虚空之女,不屈之枪,狂野女猎手,正义巨像,牛头酋长,迷失之牙,德邦总管,诡术妖姬,残月之肃,堕落天使,50039,38969,胜利
虚空之女,破败之王,德邦总管,解脱者,时光守护者,迷失之牙,战争之影,符文法师,麦林炮手,熔铁少女,27705,36344,失败
虚空之女,荒漠屠夫,狂野女猎手,不详之刃,魂锁典狱长,永恒梦魇,兽灵行者,发条魔灵,圣枪游侠,深海泰坦,63414,55185,胜利
虚空之女,解脱者,兽灵行者,正义巨像,酒桶,永恒梦魇,法外狂徒,暮光星灵,麦林炮手,牛头酋长,38383,49785,失败
虚空之女,圣枪游侠,狂野女猎手,未来守护者,酒桶,无畏战车,影流之镰,离群之刺,复仇之矛,熔铁少女,46268,34036,胜利
虚空之女,永恒梦魇,德邦总管,元素女皇,星界游神,机械公敌,虚空遁地兽,沙漠皇帝,麦林炮手,腕豪,48396,38473,胜利
虚空之女,暗裔剑魔,恶魔小丑,暮光星灵,牛头酋长,未来守护者,狂战士,发条魔灵,暴走萝莉,正义巨像,54024,44605,胜利
虚空之女,迷失之牙,虚空遁地兽,正义巨像,岩雀,齐天大圣,德邦总管,英勇投弹手,暴走萝莉,魂锁典狱长,29676,39860,失败
虚空之女,扭曲树精,破败之王,诡术妖姬,魂锁典狱长,德玛西亚之翼,狂野女猎手,离群之刺,探险家,牛头酋长,33217,24291,胜利
虚空之女,破败之王,战争之影,发条魔灵,堕落天使,圣锤之毅,虚空掠夺者,卡牌大师,寒冰射手,远古恐惧,44908,56209,失败
虚空之女,青钢影,恶魔小丑,元素女皇,牛头酋长,无双剑姬,兽灵行者,时光守护者,戏命师,熔铁少女,58691,48524,胜利
虚空之女,酒桶,死亡颂唱者,圣枪游侠,腕豪,迷失之牙,兽灵行者,卡牌大师,惩戒之箭,魂锁典狱长,50856,38870,胜利
虚空之女,熔岩巨兽,影流之镰,冰晶凤凰,幻翎,未来守护者,蜘蛛女皇,卡牌大师,皮城女警,堕落天使,50119,40579,胜利
虚空之女,扭曲树精,法外狂徒,正义巨像,魂锁典狱长,荒漠屠夫,狂野女猎手,黑暗之女,暴走萝莉,仙灵女巫,53677,36127,胜利
虚空之女,迷失之牙,兽灵行者,发条魔灵,光辉女郎,荒漠屠夫,岩雀,影流之主,逆羽,蒸汽机器人,46537,63050,失败
虚空之女,解脱者,破败之王,发条魔灵,牛头酋长,迷失之牙,法外狂徒,暮光星灵,暴走萝莉,魂锁典狱长,56739,67518,失败
虚空之女,盲僧,雪原双子,狂暴之心,酒桶,解脱者,战争之影,解脱者,麦林炮手,牛头酋长,47498,53437,失败
虚空之女,狂暴之心,战争之影,解脱者,熔铁少女,迷失之牙,狂野女猎手,离群之刺,暗夜猎手,风暴之怒,28589,37235,失败
虚空之女,齐天大圣,兽灵行者,虚空行者,星簌歌姬,永恒梦魇,法外狂徒,机械先驱,沙漠玫瑰,牛头酋长,15044,26781,失败
虚空之女,武器大师,北极之怒,岩雀,弗雷尔卓德之心,刀锋舞者,盲僧,离群之刺,沙漠玫瑰,牛头酋长,49883,61641,失败
虚空之女,迷失之牙,战争之影,机械先驱,酒桶,解脱者,兽灵行者,发条魔灵,麦林炮手,曙光女神,47745,41516,胜利
虚空之女,齐天大圣,含羞蓓蕾,腕豪,熔铁少女,亡灵战神,狂野女猎手,刀锋之影,逆羽,深海泰坦,47250,37813,胜利
虚空之女,酒桶,狂野女猎手,封魔剑魂,熔铁少女,无双剑姬,圣锤之毅,卡牌大师,暗夜猎手,腕豪,25767,37486,失败
虚空之女,虚空恐惧,兽灵行者,暮光星灵,牛头酋长,亡灵战神,死亡颂唱者,圣枪游侠,暗夜猎手,堕落天使,53647,59202,失败
虚空之女,迷失之牙,岩雀,未来守护者,生化魔人,圣枪游侠,恶魔小丑,刀锋之影,探险家,牛头酋长,42531,54629,失败
虚空之女,解脱者,蜘蛛女皇,圣枪游侠,正义巨像,离群之刺,影流之镰,万花通灵,探险家,天启者,52326,39764,胜利
虚空之女,圣枪游侠,狂野女猎手,刀锋舞者,曙光女神,未来守护者,德邦总管,机械先驱,麦林炮手,熔铁少女,35241,28230,胜利
虚空之女,圣锤之毅,狂野女猎手,解脱者,堕落天使,亡灵战神,蜘蛛女皇,刀锋之影,逆羽,牛头酋长,56256,56647,失败
虚空之女,未来守护者,兽灵行者,黑暗之女,深海泰坦,迷失之牙,影流之镰,疾风剑豪,逆羽,酒桶,48823,36209,胜利
虚空之女,圣锤之毅,含羞蓓蕾,刀锋舞者,暮光之眼,酒桶,战争之影,暮光星灵,沙漠玫瑰,牛头酋长,57101,64095,失败
虚空之女,圣锤之毅,不灭狂雷,元素女皇,深海泰坦,齐天大圣,破败之王,诡术妖姬,暴走萝莉,牛头酋长,53600,66584,失败
虚空之女,德玛西亚之翼,不灭狂雷,元素女皇,熔铁少女,迷失之牙,岩雀,符文法师,寒冰射手,酒桶,39625,31109,胜利
虚空之女,酒桶,兽灵行者,卡牌大师,牛头酋长,暮光之眼,战争之影,解脱者,麦林炮手,扭曲树精,39517,46513,失败
虚空之女,荒漠屠夫,含羞蓓蕾,刀锋之影,牛头酋长,迷失之牙,狂野女猎手,离群之刺,暗夜猎手,熔铁少女,36941,21851,胜利
虚空之女,荒漠屠夫,雪原双子,刀锋舞者,暮光之眼,德玛西亚之翼,含羞蓓蕾,刀锋之影,惩戒之箭,深海泰坦,53897,42866,胜利
虚空之女,未来守护者,岩雀,元素女皇,风暴之怒,刀锋舞者,盲僧,不屈之枪,深渊巨口,曙光女神,60610,47902,胜利
虚空之女,仙灵女巫,含羞蓓蕾,盲僧,远古恐惧,迷失之牙,永猎双子,铸星龙王,瘟疫之源,血港鬼影,46093,39399,胜利
虚空之女,暗裔剑魔,战争之影,离群之刺,仙灵女巫,山隐之焰,法外狂徒,卡牌大师,麦林炮手,牛头酋长,51172,37103,胜利
虚空之女,解脱者,圣锤之毅,腕豪,牛头酋长,暮光之眼,狂野女猎手,刀锋之影,涤魂圣枪,幻翎,53128,67000,失败
虚空之女,未来守护者,含羞蓓蕾,冰霜女巫,血港鬼影,诺克萨斯之手,狂野女猎手,刀锋之影,赏金猎人,魂锁典狱长,73178,64608,胜利
虚空之女,德玛西亚之翼,雪原双子,暮光星灵,光辉女郎,德玛西亚之力,含羞蓓蕾,影流之主,沙漠玫瑰,牛头酋长,55823,63654,失败
虚空之女,迷失之牙,法外狂徒,卡牌大师,血港鬼影,未来守护者,战争之影,暮光星灵,赏金猎人,时光守护者,45694,51552,失败
虚空之女,青钢影,蜘蛛女皇,永恒梦魇,腕豪,迷失之牙,死亡颂唱者,麦林炮手,深渊巨口,魂锁典狱长,52084,63031,失败
虚空之女,酒桶,死亡颂唱者,暴怒骑士,深海泰坦,荒漠屠夫,翠神,解脱者,瘟疫之源,曙光女神,35403,45234,失败
虚空之女,迷失之牙,死亡颂唱者,暮光星灵,深海泰坦,熔岩巨兽,岩雀,麦林炮手,暴走萝莉,魂锁典狱长,66213,57877,胜利
虚空之女,扭曲树精,狂野女猎手,冰霜女巫,魂锁典狱长,暗裔剑魔,盲僧,发条魔灵,暴走萝莉,仙灵女巫,42256,36355,胜利
虚空之女,未来守护者,时间刺客,不屈之枪,牛头酋长,诺克萨斯之手,死亡颂唱者,暮光星灵,赏金猎人,魂锁典狱长,37798,25442,胜利
虚空之女,亡灵战神,兽灵行者,符文法师,魂锁典狱长,未来守护者,蜘蛛女皇,天启者,探险家,恶魔小丑,42390,57531,失败
虚空之女,荒漠屠夫,虚空掠夺者,符文法师,星簌歌姬,暗裔剑魔,痛苦之拥,正义巨像,麦林炮手,风暴之怒,36948,47259,失败
虚空之女,永恒梦魇,蜘蛛女皇,元素女皇,酒桶,腕豪,狂野女猎手,天启者,麦林炮手,牛头酋长,55305,42867,胜利
暴走萝莉,德玛西亚之力,战争之影,卡牌大师,曙光女神,诺克萨斯之手,狂野女猎手,不详之刃,麦林炮手,仙灵女巫,34403,39632,失败
暴走萝莉,德玛西亚之力,蜘蛛女皇,未来守护者,牛头酋长,山隐之焰,盲僧,离群之刺,皮城女警,曙光女神,58751,44730,胜利
暴走萝莉,青钢影,恶魔小丑,正义巨像,牛头酋长,亡灵战神,虚空遁地兽,离群之刺,探险家,天启者,40018,34989,胜利
暴走萝莉,酒桶,盲僧,魔蛇之拥,曙光女神,青钢影,蜘蛛女皇,正义巨像,探险家,天启者,39146,51298,失败
暴走萝莉,海洋之灾,虚空遁地兽,不详之刃,曙光女神,未来守护者,不灭狂雷,离群之刺,探险家,牛头酋长,53779,42364,胜利
暴走萝莉,刀锋舞者,蜘蛛女皇,九尾妖狐,深海泰坦,未来守护者,死亡颂唱者,卡牌大师,沙漠玫瑰,牛头酋长,44030,55128,失败
暴走萝莉,扭曲树精,战争之影,机械先驱,蒸汽机器人,放逐之刃,死亡颂唱者,刀锋舞者,戏命师,酒桶,54745,44908,胜利
暴走萝莉,解脱者,法外狂徒,九尾妖狐,曙光女神,离群之刺,恶魔小丑,邪恶小法师,瘟疫之源,扭曲树精,46423,53926,失败
暴走萝莉,不灭狂雷,虚空遁地兽,潮汐海灵,曙光女神,未来守护者,战争之影,邪恶小法师,麦林炮手,恶魔小丑,37929,46036,失败
暴走萝莉,德玛西亚之翼,含羞蓓蕾,酒桶,曙光女神,不灭狂雷,圣锤之毅,刀锋之影,麦林炮手,扭曲树精,61173,55408,胜利
暴走萝莉,暮光之眼,法外狂徒,不详之刃,曙光女神,炼金术士,沙漠死神,封魔剑魂,探险家,远古巫灵,52543,37662,胜利
暴走萝莉,卡牌大师,影流之镰,武器大师,魂锁典狱长,圣枪游侠,狂野女猎手,酒桶,战争女神,牛头酋长,14226,21760,失败
暴走萝莉,荒漠屠夫,盲僧,解脱者,蒸汽机器人,破败之王,蜘蛛女皇,山隐之焰,暗夜猎手,牛头酋长,46162,38341,胜利
暴走萝莉,破败之王,法外狂徒,发条魔灵,涤魂圣枪,虚空恐惧,岩雀,圣枪游侠,沙漠玫瑰,蒸汽机器人,55934,50957,胜利
暴走萝莉,山隐之焰,蜘蛛女皇,虚空行者,牛头酋长,熔岩巨兽,盲僧,诡术妖姬,荣耀行刑官,曙光女神,52958,43871,胜利
暴走萝莉,未来守护者,破败之王,卡牌大师,牛头酋长,山隐之焰,蜘蛛女皇,时间刺客,沙漠玫瑰,曙光女神,50894,45410,胜利
暴走萝莉,虚空恐惧,兽灵行者,封魔剑魂,蒸汽机器人,暗裔剑魔,狂野女猎手,解脱者,皮城女警,血港鬼影,22081,35708,失败
暴走萝莉,齐天大圣,痛苦之拥,海洋之灾,曙光女神,封魂剑魔,兽灵行者,黑暗之女,麦林炮手,牛头酋长,58281,38163,胜利
暴走萝莉,德玛西亚之力,法外狂徒,正义巨像,曙光女神,暗裔剑魔,破败之王,元素女皇,麦林炮手,牛头酋长,38136,50703,失败
暴走萝莉,含羞蓓蕾,法外狂徒,破败之王,曙光女神,狂战士,恶魔小丑,影流之主,沙漠玫瑰,牛头酋长,49444,38681,胜利
暴走萝莉,无双剑姬,北极之怒,刀锋舞者,曙光女神,熔岩巨兽,破败之王,离群之刺,圣枪游侠,腕豪,39875,25742,胜利
暴走萝莉,酒桶,虚空遁地兽,不详之刃,牛头酋长,正义巨像,法外狂徒,符文法师,沙漠玫瑰,深海泰坦,34090,26953,胜利
暴走萝莉,猩红收割者,法外狂徒,暮光星灵,曙光女神,破败之王,战争之影,血港鬼影,寒冰射手,弗雷尔卓德之心,51787,45771,胜利
暴走萝莉,无双剑姬,蜘蛛女皇,离群之刺,蒸汽机器人,迅捷斥候,永猎双子,九尾妖狐,深渊巨口,血港鬼影,42285,56689,失败
暴走萝莉,虚空恐惧,不灭狂雷,不详之刃,蒸汽机器人,血港鬼影,虚空掠夺者,诺克萨斯之手,瘟疫之源,牛头酋长,56124,51013,胜利
暴走萝莉,诺克萨斯之手,恶魔小丑,九尾妖狐,蒸汽机器人,放逐之刃,影流之镰,万花通灵,赏金猎人,牛头酋长,61756,54038,胜利
暴走萝莉,迷失之牙,死亡颂唱者,刀锋之影,蒸汽机器人,熔岩巨兽,祖安怒兽,仙灵女巫,残月之肃,深海泰坦,51762,55483,失败
暴走萝莉,圣枪游侠,盲僧,卡牌大师,星簌歌姬,刀锋舞者,破败之王,九尾妖狐,探险家,酒桶,62857,69695,失败
暴走萝莉,山隐之焰,恶魔小丑,解脱者,熔铁少女,血港鬼影,酒桶,无双剑姬,探险家,圣锤之毅,56366,51263,胜利
暴走萝莉,永恒梦魇,虚空掠夺者,刀锋舞者,牛头酋长,疾风剑豪,雪原双子,解脱者,麦林炮手,血港鬼影,35599,27784,胜利
暴走萝莉,海洋之灾,德邦总管,邪恶小法师,魂锁典狱长,齐天大圣,法外狂徒,时间刺客,探险家,虚空之眼,45511,35760,胜利
暴走萝莉,海洋之灾,破败之王,元素女皇,幻翎,荒漠屠夫,时间刺客,离群之刺,探险家,天启者,35207,27573,胜利
暴走萝莉,亡灵战神,德玛西亚皇子,正义巨像,曙光女神,诺克萨斯之手,雪原双子,永猎双子,暗夜猎手,不屈之枪,61490,67588,胜利
暴走萝莉,不灭狂雷,战争之影,时光守护者,蒸汽机器人,疾风剑豪,水晶先锋,离群之刺,暗夜猎手,酒桶,21645,12678,胜利
暴走萝莉,狂暴之心,战争之影,解脱者,血港鬼影,破败之王,远古恐惧,影流之主,寒冰射手,曙光女神,65834,52824,胜利
暴走萝莉,暗裔剑魔,蜘蛛女皇,时间刺客,魂锁典狱长,未来守护者,远古恐惧,影流之主,暗夜猎手,蒸汽机器人,43154,58798,失败
暴走萝莉,诺克萨斯之手,战争之影,刀锋之影,仙灵女巫,海洋之灾,虚空遁地兽,九尾妖狐,赏金猎人,曙光女神,51981,43320,胜利
暴走萝莉,腕豪,战争之影,封魔剑魂,恶魔小丑,不灭狂雷,巨魔之王,虚空行者,瘟疫之源,牛头酋长,54410,59375,失败
暴走萝莉,熔岩巨兽,蜘蛛女皇,不详之刃,牛头酋长,不灭狂雷,虚空掠夺者,爆破鬼才,残月之肃,魂锁典狱长,47596,41465,胜利
暴走萝莉,无双剑姬,狂野女猎手,刀锋之影,魂锁典狱长,熔岩巨兽,恶魔小丑,卡牌大师,深渊巨口,涤魂圣枪,45295,36194,胜利
暴走萝莉,熔岩巨兽,战争之影,影流之主,堕落天使,未来守护者,蜘蛛女皇,九尾妖狐,麦林炮手,魂锁典狱长,39517,53325,失败
暴走萝莉,迷失之牙,虚空掠夺者,刀锋之影,牛头酋长,刀锋舞者,蜘蛛女皇,万花通灵,瘟疫之源,牛头酋长,56740,44251,胜利
暴走萝莉,永恒梦魇,破败之王,酒桶,正义巨像,青钢影,盲僧,解脱者,涤魂圣枪,河流之主,22518,32894,失败
暴走萝莉,不灭狂雷,盲僧,诡术妖姬,熔铁少女,放逐之刃,狂野女猎手,卡牌大师,探险家,涤魂圣枪,66497,57035,胜利
暴走萝莉,离群之刺,岩雀,永恒梦魇,曙光女神,齐天大圣,德邦总管,解脱者,惩戒之箭,牛头酋长,72485,59151,胜利
暴走萝莉,正义天使,武器大师,时间刺客,魂锁典狱长,解脱者,恶魔小丑,刀锋之影,沙漠玫瑰,牛头酋长,59034,51017,胜利
暴走萝莉,暗裔剑魔,盲僧,猩红收割者,牛头酋长,疾风剑豪,蜘蛛女皇,符文法师,探险家,弗雷尔卓德之心,29669,39868,失败
暴走萝莉,暮光之眼,生化魔人,九尾妖狐,牛头酋长,复仇之矛,圣锤之毅,暮光星灵,探险家,魂锁典狱长,56540,64784,失败
暴走萝莉,解脱者,虚空掠夺者,不屈之枪,蒸汽机器人,无双剑姬,蜘蛛女皇,荒漠屠夫,虚空之女,正义巨像,31075,42112,失败
暴走萝莉,青钢影,狂野女猎手,狂暴之心,曙光女神,蛮族之王,德邦总管,虚空先知,圣枪游侠,蒸汽机器人,38139,50035,失败
暴走萝莉,离群之刺,蜘蛛女皇,未来守护者,万花通灵,扭曲树精,盲僧,刀锋之影,探险家,堕落天使,44429,32835,胜利
暴走萝莉,武器大师,破败之王,猩红收割者,曙光女神,德玛西亚之翼,战争之影,卡牌大师,探险家,深海泰坦,62122,55898,胜利
暴走萝莉,诺克萨斯之手,蜘蛛女皇,大发明家,蒸汽机器人,扭曲树精,战争之影,符文法师,探险家,仙灵女巫,33309,21530,胜利
暴走萝莉,荒漠屠夫,狂野女猎手,深海泰坦,熔岩巨兽,迷失之牙,祖安狂人,解脱者,麦林炮手,熔铁少女,16753,32612,失败
暴走萝莉,刀锋舞者,盲僧,不详之刃,仙灵女巫,无双剑姬,傲之追猎者,卡牌大师,赏金猎人,正义巨像,56243,50034,胜利
暴走萝莉,破败之王,盲僧,解脱者,曙光女神,迷失之牙,永猎双子,虚空行者,天启者,涤魂圣枪,69741,67889,胜利
暴走萝莉,迷失之牙,兽灵行者,暮光星灵,曙光女神,亡灵战神,狂野女猎手,荒漠屠夫,深渊巨口,牛头酋长,55917,52652,胜利
暴走萝莉,德玛西亚之力,含羞蓓蕾,虚空行者,曙光女神,未来守护者,兽灵行者,星簌歌姬,探险家,魂锁典狱长,38756,25017,胜利
暴走萝莉,刀锋舞者,狂野女猎手,机械公敌,牛头酋长,暮光之眼,岩雀,封魔剑魂,沙漠玫瑰,熔铁少女,40669,47083,失败
暴走萝莉,破败之王,战争之影,诺克萨斯之手,牛头酋长,亡灵战神,盲僧,诡术妖姬,麦林炮手,熔铁少女,41815,24674,胜利
暴走萝莉,荒漠屠夫,战争之影,卡牌大师,酒桶,暴怒骑士,岩雀,刀锋之影,瘟疫之源,魔法猫咪,51643,59914,失败
暴走萝莉,沙漠死神,死亡颂唱者,影流之主,魂锁典狱长,圣锤之毅,盲僧,正义巨像,暗夜猎手,邪恶小法师,49765,36551,胜利
暴走萝莉,荒漠屠夫,盲僧,堕落天使,曙光女神,暴怒骑士,蜘蛛女皇,影流之主,残月之肃,仙灵女巫,35221,43428,失败
暴走萝莉,诺克萨斯之手,狂野女猎手,不详之刃,牛头酋长,荒漠屠夫,恶魔小丑,潮汐海灵,探险家,仙灵女巫,42188,36731,胜利
暴走萝莉,圣锤之毅,盲僧,冰霜女巫,远古巫灵,齐天大圣,死亡颂唱者,腕豪,战争女神,风暴之怒,51481,39654,胜利
暴走萝莉,武器大师,虚空掠夺者,卡牌大师,曙光女神,暗裔剑魔,永猎双子,诡术妖姬,麦林炮手,血港鬼影,44160,33531,胜利
暴走萝莉,齐天大圣,远古恐惧,不详之刃,蒸汽机器人,刀锋舞者,虚空遁地兽,时光守护者,探险家,血港鬼影,80781,83482,失败
暴走萝莉,无双剑姬,永猎双子,暮光星灵,牛头酋长,狂暴之心,盲僧,疾风剑豪,沙漠玫瑰,扭曲树精,48075,55486,失败
暴走萝莉,无双剑姬,战争之影,时光守护者,曙光女神,暮光之眼,酒桶,时间刺客,复仇之矛,牛头酋长,56413,61630,失败
暴走萝莉,蛮族之王,雪原双子,翠神,曙光女神,暗裔剑魔,远古恐惧,刀锋舞者,沙漠玫瑰,星簌歌姬,49933,57758,失败
暴走萝莉,未来守护者,酒桶,疾风剑豪,曙光女神,迷失之牙,永猎双子,魔蛇之拥,瘟疫之源,血港鬼影,41840,28344,胜利
暴走萝莉,暗裔剑魔,战争之影,破败之王,曙光女神,圣锤之毅,法外狂徒,魔蛇之拥,惩戒之箭,牛头酋长,61629,52270,胜利
暴走萝莉,无畏战车,祖安狂人,时光守护者,曙光女神,猩红收割者,水晶先锋,冰晶凤凰,涤魂圣枪,牛头酋长,54700,42821,胜利
暴走萝莉,德玛西亚之力,德玛西亚皇子,不详之刃,曙光女神,山隐之焰,盲僧,卡牌大师,麦林炮手,牛头酋长,40972,32638,胜利
暴走萝莉,暗裔剑魔,刀锋之影,正义巨像,魂锁典狱长,不屈之枪,法外狂徒,时间刺客,探险家,蒸汽机器人,36219,45500,失败
暴走萝莉,傲之追猎者,时间刺客,卡牌大师,魂锁典狱长,诺克萨斯之手,蜘蛛女皇,不详之刃,赏金猎人,蒸汽机器人,28767,36043,失败
暴走萝莉,暴怒骑士,兽灵行者,破败之王,曙光女神,探险家,狂野女猎手,腕豪,暗夜猎手,正义巨像,44197,32483,胜利
暴走萝莉,扭曲树精,盲僧,九尾妖狐,魂锁典狱长,破败之王,兽灵行者,卡牌大师,沙漠玫瑰,牛头酋长,53944,47888,胜利
暴走萝莉,暴怒骑士,痛苦之拥,圣枪游侠,魂锁典狱长,亡灵战神,雪原双子,发条魔灵,麦林炮手,蒸汽机器人,43076,29636,胜利
暴走萝莉,暴怒骑士,水晶先锋,影流之主,堕落天使,扭曲树精,兽灵行者,时间刺客,残月之肃,蒸汽机器人,23808,36537,失败
暴走萝莉,未来守护者,影流之镰,熔岩巨兽,诺克萨斯统领,符文法师,虚空掠夺者,影流之主,瘟疫之源,魂锁典狱长,42726,38840,胜利
暴走萝莉,刀锋舞者,蜘蛛女皇,不详之刃,熔铁少女,符文法师,时间刺客,封魔剑魂,麦林炮手,曙光女神,49301,61889,失败
暴走萝莉,海洋之灾,蜘蛛女皇,影流之主,扭曲树精,暗裔剑魔,战争之影,远古巫灵,麦林炮手,魂锁典狱长,39499,29577,胜利
暴走萝莉,离群之刺,恶魔小丑,诡术妖姬,众星之子,无双剑姬,永恒梦魇,暗黑元首,麦林炮手,魂锁典狱长,43010,36587,胜利
暴走萝莉,暮光之眼,远古恐惧,疾风剑豪,正义巨像,迷失之牙,破败之王,暮光星灵,瘟疫之源,牛头酋长,55867,46786,胜利
暴走萝莉,无双剑姬,雪原双子,圣枪游侠,正义巨像,解脱者,虚空遁地兽,冰晶凤凰,深渊巨口,仙灵女巫,54567,45223,胜利
暴走萝莉,解脱者,法外狂徒,皎月女神,幻翎,离群之刺,战争之影,无双剑姬,戏命师,牛头酋长,34919,24868,胜利
暴走萝莉,暗裔剑魔,影流之镰,九尾妖狐,魂锁典狱长,山隐之焰,破败之王,解脱者,皮城女警,堕落天使,46385,65304,失败
暴走萝莉,亡灵战神,狂战士,机械先驱,熔铁少女,未来守护者,兽灵行者,离群之刺,虚空之女,酒桶,69209,69590,胜利
暴走萝莉,大发明家,影流之镰,铸星龙王,牛头酋长,迷失之牙,虚空遁地兽,离群之刺,赏金猎人,魂锁典狱长,47156,60188,失败
暴走萝莉,北极之怒,永恒梦魇,离群之刺,曙光女神,暗裔剑魔,狂野女猎手,影流之主,惩戒之箭,深海泰坦,31127,26085,胜利
暴走萝莉,刀锋舞者,法外狂徒,九尾妖狐,涤魂圣枪,未来守护者,狂野女猎手,正义巨像,戏命师,熔铁少女,41665,55063,失败
暴走萝莉,卡牌大师,兽灵行者,永恒梦魇,酒桶,扭曲树精,死亡颂唱者,不详之刃,逆羽,正义巨像,48812,41855,胜利
暴走萝莉,刀锋之影,狂野女猎手,酒桶,魂锁典狱长,青钢影,永恒梦魇,符文法师,麦林炮手,蒸汽机器人,41098,54346,失败
暴走萝莉,荒漠屠夫,狂野女猎手,发条魔灵,仙灵女巫,暗裔剑魔,永恒梦魇,九尾妖狐,瘟疫之源,魂锁典狱长,23699,35541,胜利
暴走萝莉,山隐之焰,战争之影,卡牌大师,岩雀,荒漠屠夫,蜘蛛女皇,圣枪游侠,皮城女警,熔铁少女,53640,63117,失败
暴走萝莉,酒桶,永恒梦魇,发条魔灵,仙灵女巫,荒漠屠夫,狂野女猎手,离群之刺,麦林炮手,熔铁少女,48211,61523,失败
暴走萝莉,德玛西亚之翼,狂野女猎手,卡牌大师,圣锤之毅,复仇之矛,死亡颂唱者,海洋之灾,瘟疫之源,牛头酋长,42082,26113,胜利
暴走萝莉,不屈之枪,巨魔之王,天启者,魂锁典狱长,虚空恐惧,狂野女猎手,元素女皇,深渊巨口,幻翎,41461,49292,失败
暴走萝莉,荒漠屠夫,狂野女猎手,不详之刃,星簌歌姬,酒桶,兽灵行者,圣枪游侠,腕豪,涤魂圣枪,65305,77529,失败
暴走萝莉,破败之王,影流之镰,仙灵女巫,牛头酋长,亡灵战神,死亡颂唱者,永恒梦魇,逆羽,幻翎,58070,66826,失败
暴走萝莉,解脱者,虚空遁地兽,亡灵战神,魂锁典狱长,腕豪,狂野女猎手,刀锋舞者,麦林炮手,深海泰坦,56800,43087,胜利
暴走萝莉,暗裔剑魔,狂战士,不详之刃,酒桶,永恒梦魇,永猎双子,卡牌大师,麦林炮手,曙光女神,31151,43845,失败
暴走萝莉,未来守护者,盲僧,九尾妖狐,熔铁少女,迷失之牙,狂野女猎手,荒漠屠夫,残月之肃,魂锁典狱长,66728,62973,胜利
暴走萝莉,酒桶,战争之影,九尾妖狐,星簌歌姬,荒漠屠夫,盲僧,解脱者,荣耀行刑官,魂锁典狱长,32608,48120,失败
暴走萝莉,未来守护者,狂野女猎手,虚空行者,魂锁典狱长,机械公敌,兽灵行者,元素女皇,沙漠玫瑰,牛头酋长,56699,43016,胜利
暴走萝莉,圣枪游侠,兽灵行者,仙灵女巫,魂锁典狱长,魔蛇之拥,法外狂徒,发条魔灵,荣耀行刑官,幻翎,51272,39132,胜利
暴走萝莉,武器大师,战争之影,正义巨像,星簌歌姬,青钢影,永猎双子,卡牌大师,荣耀行刑官,仙灵女巫,50153,44835,胜利
暴走萝莉,山隐之焰,影流之镰,放逐之刃,熔铁少女,仙灵女巫,狂野女猎手,圣枪游侠,暗夜猎手,幻翎,38728,52467,失败
暴走萝莉,解脱者,盲僧,星簌歌姬,酒桶,迷失之牙,死亡颂唱者,腕豪,麦林炮手,熔铁少女,86164,91581,失败
暴走萝莉,荒漠屠夫,狂战士,解脱者,魂锁典狱长,未来守护者,法外狂徒,卡牌大师,寒冰射手,曙光女神,57850,47959,胜利
暴走萝莉,暴怒骑士,永猎双子,卡牌大师,仙灵女巫,魔蛇之拥,兽灵行者,元素女皇,探险家,正义巨像,55818,66075,失败
暴走萝莉,青钢影,法外狂徒,卡牌大师,蒸汽机器人,未来守护者,狂野女猎手,不屈之枪,探险家,魂锁典狱长,55627,57523,失败
暴走萝莉,不灭狂雷,狂野女猎手,正义巨像,魂锁典狱长,荒漠屠夫,岩雀,破败之王,残月之肃,蒸汽机器人,33806,45805,失败
暴走萝莉,猩红收割者,狂野女猎手,荒漠屠夫,正义巨像,迷失之牙,死亡颂唱者,圣枪游侠,残月之肃,魂锁典狱长,48199,61255,失败
暴走萝莉,仙灵女巫,永猎双子,卡牌大师,熔铁少女,迷失之牙,兽灵行者,符文法师,惩戒之箭,酒桶,47426,40045,胜利
暴走萝莉,暗裔剑魔,死亡颂唱者,元素女皇,星界游神,未来守护者,法外狂徒,解脱者,寒冰射手,酒桶,33701,27251,胜利
暴走萝莉,海洋之灾,解脱者,刀锋舞者,扭曲树精,迷失之牙,法外狂徒,卡牌大师,赏金猎人,魂锁典狱长,39145,47555,失败
暴走萝莉,未来守护者,腕豪,暮光星灵,魂锁典狱长,迷失之牙,狂野女猎手,破败之王,深渊巨口,扭曲树精,26596,35528,失败
暴走萝莉,荒漠屠夫,狂战士,暮光星灵,幻翎,不灭狂雷,战争之影,暗黑元首,暗夜猎手,熔铁少女,44013,53265,失败
暴走萝莉,荒漠屠夫,狂野女猎手,元素女皇,天启者,暗裔剑魔,圣锤之毅,猩红收割者,涤魂圣枪,扭曲树精,47183,59095,失败
暴走萝莉,暮光之眼,傲之追猎者,解脱者,酒桶,未来守护者,法外狂徒,卡牌大师,逆羽,牛头酋长,41579,52947,失败
暴走萝莉,迷失之牙,永猎双子,暮光星灵,酒桶,仙灵女巫,战争之影,不详之刃,残月之肃,魂锁典狱长,45995,52015,失败
暴走萝莉,暴怒骑士,战争之影,解脱者,熔铁少女,破败之王,永猎双子,正义巨像,逆羽,牛头酋长,48502,61826,失败
暴走萝莉,荒漠屠夫,死亡颂唱者,不屈之枪,星簌歌姬,酒桶,战争之影,解脱者,麦林炮手,曙光女神,42972,36562,胜利
暴走萝莉,猩红收割者,永猎双子,卡牌大师,正义巨像,齐天大圣,死亡颂唱者,暮光星灵,麦林炮手,魂锁典狱长,33385,26165,胜利
暴走萝莉,武器大师,战争之影,诡术妖姬,牛头酋长,永恒梦魇,兽灵行者,正义巨像,复仇之矛,酒桶,64894,61345,胜利
暴走萝莉,荒漠屠夫,狂野女猎手,星簌歌姬,魂锁典狱长,圣枪游侠,含羞蓓蕾,刀锋舞者,瘟疫之源,幻翎,34546,27284,胜利
暴走萝莉,诺克萨斯之手,法外狂徒,星簌歌姬,曙光女神,迷失之牙,兽灵行者,沙漠皇帝,惩戒之箭,涤魂圣枪,31977,24106,胜利
暴走萝莉,山隐之焰,狂野女猎手,荒漠屠夫,星簌歌姬,诺克萨斯之手,战争之影,沙漠皇帝,深渊巨口,酒桶,40261,51253,失败
暴走萝莉,未来守护者,蜘蛛女皇,元素女皇,牛头酋长,迷失之牙,狂野女猎手,破败之王,皮城女警,曙光女神,43846,58010,失败
暴走萝莉,破败之王,狂野女猎手,荒漠屠夫,仙灵女巫,未来守护者,蜘蛛女皇,刀锋之影,赏金猎人,天启者,45180,30414,胜利
暴走萝莉,迷失之牙,狂战士,刀锋之影,牛头酋长,圣枪游侠,兽灵行者,解脱者,惩戒之箭,涤魂圣枪,52723,62411,失败
暴走萝莉,熔岩巨兽,傲之追猎者,暗黑元首,牛头酋长,未来守护者,不灭狂雷,诡术妖姬,残月之肃,魂锁典狱长,48243,37161,胜利
暴走萝莉,青钢影,含羞蓓蕾,刀锋之影,牛头酋长,刀锋舞者,傲之追猎者,卡牌大师,沙漠玫瑰,熔铁少女,68184,76696,失败
暴走萝莉,破败之王,死亡颂唱者,永恒梦魇,腕豪,无双剑姬,兽灵行者,暗黑元首,残月之肃,魂锁典狱长,67254,74529,失败
暴走萝莉,离群之刺,战争之影,解脱者,堕落天使,仙灵女巫,狂战士,发条魔灵,战争女神,曙光女神,63898,53223,胜利
暴走萝莉,圣枪游侠,含羞蓓蕾,正义巨像,星簌歌姬,未来守护者,兽灵行者,卡牌大师,沙漠玫瑰,酒桶,58374,56490,胜利
暴走萝莉,傲之追猎者,死亡颂唱者,时间刺客,星簌歌姬,不灭狂雷,永猎双子,英勇投弹手,探险家,天启者,47990,34606,胜利
暴走萝莉,不屈之枪,战争之影,机械先驱,魂锁典狱长,荒漠屠夫,永猎双子,暗黑元首,虚空之女,熔铁少女,61238,54417,胜利
暴走萝莉,圣锤之毅,死亡颂唱者,酒桶,涤魂圣枪,不屈之枪,狂野女猎手,黑暗之女,残月之肃,魂锁典狱长,25653,40538,失败
暴走萝莉,无双剑姬,死亡颂唱者,圣枪游侠,仙灵女巫,迷失之牙,狂野女猎手,影流之主,戏命师,熔铁少女,60972,49602,胜利
暴走萝莉,永恒梦魇,含羞蓓蕾,机械公敌,深海泰坦,迷失之牙,傲之追猎者,暗黑元首,腕豪,涤魂圣枪,61266,55382,胜利
暴走萝莉,永恒梦魇,蜘蛛女皇,元素女皇,曙光女神,未来守护者,酒桶,迷失之牙,虚空之女,牛头酋长,49832,38806,胜利
暴走萝莉,刀锋舞者,兽灵行者,暮光星灵,天启者,迷失之牙,含羞蓓蕾,虚空行者,寒冰射手,仙灵女巫,56361,45990,胜利
暴走萝莉,刀锋舞者,狂野女猎手,不详之刃,腕豪,酒桶,圣锤之毅,元素女皇,虚空之女,熔铁少女,56315,57509,失败
暴走萝莉,熔岩巨兽,含羞蓓蕾,暗黑元首,熔铁少女,德玛西亚之翼,战争之影,发条魔灵,残月之肃,魂锁典狱长,45009,53689,失败
暴走萝莉,无双剑姬,恶魔小丑,正义巨像,熔铁少女,亡灵战神,狂战士,卡牌大师,深渊巨口,血港鬼影,64086,61165,胜利
暴走萝莉,祖安狂人,兽灵行者,不屈之枪,弗雷尔卓德之心,不灭狂雷,含羞蓓蕾,影流之主,惩戒之箭,曙光女神,65390,70187,失败
暴走萝莉,放逐之刃,含羞蓓蕾,元素女皇,牛头酋长,狂暴之心,兽灵行者,影流之主,皮城女警,熔铁少女,66936,55391,胜利
沙漠玫瑰,解脱者,远古恐惧,影流之主,熔铁少女,武器大师,盲僧,刀锋之影,虚空之女,牛头酋长,31272,27384,胜利
沙漠玫瑰,暮光之眼,恶魔小丑,正义巨像,魂锁典狱长,德玛西亚之力,狂野女猎手,九尾妖狐,深渊巨口,扭曲树精,38233,55576,失败
沙漠玫瑰,德玛西亚之翼,龙血武姬,时间刺客,牛头酋长,青钢影,岩雀,机械先驱,瘟疫之源,时光守护者,61955,52833,胜利
沙漠玫瑰,诺克萨斯之手,盲僧,黑暗之女,熔铁少女,未来守护者,时间刺客,暮光星灵,暗夜猎手,腕豪,45469,51132,失败
沙漠玫瑰,离群之刺,元素女皇,解脱者,正义巨像,蛮族之王,时间刺客,永恒梦魇,皮城女警,堕落天使,63997,55754,胜利
沙漠玫瑰,解脱者,虚空掠夺者,发条魔灵,深海泰坦,暮光之眼,恶魔小丑,万花通灵,皮城女警,魂锁典狱长,68103,66443,胜利
沙漠玫瑰,武器大师,盲僧,卡牌大师,恶魔小丑,山隐之焰,影流之镰,刀锋之影,赏金猎人,魂锁典狱长,65859,56853,胜利
沙漠玫瑰,解脱者,法外狂徒,暗黑元首,曙光女神,正义巨像,虚空掠夺者,暮光星灵,惩戒之箭,仙灵女巫,59114,47177,胜利
沙漠玫瑰,暴怒骑士,虚空遁地兽,离群之刺,蒸汽机器人,正义天使,酒桶,刀锋舞者,瘟疫之源,堕落天使,57262,66200,失败
沙漠玫瑰,迷失之牙,披甲龙龟,影流之主,恶魔小丑,圣锤之毅,兽灵行者,机械先驱,复仇之矛,蒸汽机器人,42716,56072,失败
沙漠玫瑰,牧魂人,法外狂徒,诡术妖姬,巨魔之王,圣锤之毅,兽灵行者,发条魔灵,荣耀行刑官,牛头酋长,32317,43906,失败
沙漠玫瑰,无双剑姬,法外狂徒,不详之刃,曙光女神,暗裔剑魔,盲僧,正义巨像,残月之肃,扭曲树精,40233,51039,失败
沙漠玫瑰,解脱者,含羞蓓蕾,影流之主,曙光女神,未来守护者,狂野女猎手,元素女皇,探险家,牛头酋长,47864,56334,失败
沙漠玫瑰,炼金术士,时间刺客,血港鬼影,天启者,未来守护者,狂野女猎手,影流之主,圣枪游侠,涤魂圣枪,64598,50738,胜利
沙漠玫瑰,未来守护者,蜘蛛女皇,影流之主,扭曲树精,迷失之牙,法外狂徒,暮光星灵,麦林炮手,曙光女神,68201,71198,失败
沙漠玫瑰,海兽祭司,虚空掠夺者,解脱者,曙光女神,天启者,德邦总管,暗黑元首,天启者,正义巨像,48889,36264,胜利
沙漠玫瑰,刀锋舞者,盲僧,离群之刺,牛头酋长,发条魔灵,生化魔人,荒漠屠夫,复仇之矛,时光守护者,35789,35255,失败
沙漠玫瑰,未来守护者,雪原双子,诡术妖姬,恶魔小丑,迷失之牙,盲僧,虚空行者,寒冰射手,天启者,59805,48523,胜利
沙漠玫瑰,离群之刺,永猎双子,不详之刃,魂锁典狱长,时光守护者,法外狂徒,发条魔灵,战争女神,腕豪,58866,44692,胜利
沙漠玫瑰,齐天大圣,蜘蛛女皇,不详之刃,曙光女神,无双剑姬,德邦总管,虚空先知,麦林炮手,酒桶,36759,46140,失败
沙漠玫瑰,腕豪,战争之影,离群之刺,深海泰坦,放逐之刃,虚空遁地兽,暗黑元首,麦林炮手,正义巨像,50427,54127,失败
沙漠玫瑰,炼金术士,狂野女猎手,影流之主,曙光女神,迷失之牙,盲僧,潮汐海灵,探险家,魔法猫咪,70150,65181,胜利
沙漠玫瑰,未来守护者,虚空遁地兽,不详之刃,曙光女神,刀锋舞者,酒桶,卡牌大师,荣耀行刑官,涤魂圣枪,58317,49574,胜利
沙漠玫瑰,亡灵战神,影流之镰,发条魔灵,深海泰坦,时间刺客,巨魔之王,仙灵女巫,探险家,牛头酋长,32496,43663,失败
沙漠玫瑰,刀锋舞者,含羞蓓蕾,刀锋之影,魂锁典狱长,未来守护者,狂野女猎手,暮光星灵,复仇之矛,血港鬼影,64257,54465,胜利
沙漠玫瑰,牧魂人,岩雀,疾风剑豪,腕豪,仙灵女巫,德邦总管,离群之刺,逆羽,牛头酋长,33482,21541,胜利
沙漠玫瑰,猩红收割者,兽灵行者,封魔剑魂,熔铁少女,海洋之灾,蜘蛛女皇,刀锋之影,涤魂圣枪,血港鬼影,38704,52369,失败
沙漠玫瑰,无双剑姬,盲僧,不详之刃,曙光女神,离群之刺,含羞蓓蕾,元素女皇,暗夜猎手,魂锁典狱长,37338,22567,胜利
沙漠玫瑰,破败之王,蜘蛛女皇,影流之主,恶魔小丑,无双剑姬,德邦总管,九尾妖狐,虚空之女,魂锁典狱长,37172,51416,失败
沙漠玫瑰,迷失之牙,狂战士,时间刺客,熔铁少女,暮光之眼,雪原双子,解脱者,暴走萝莉,仙灵女巫,36676,40855,失败
沙漠玫瑰,离群之刺,德邦总管,解脱者,圣锤之毅,永恒梦魇,放逐之刃,机械先驱,惩戒之箭,扭曲树精,58694,47035,胜利
沙漠玫瑰,铁铠冥魂,德邦总管,正义巨像,扭曲树精,蛮族之王,法外狂徒,疾风剑豪,虚空之女,堕落天使,41152,50342,失败
沙漠玫瑰,牧魂人,法外狂徒,暮光星灵,深海泰坦,无双剑姬,破败之王,铸星龙王,惩戒之箭,扭曲树精,62898,68417,失败
沙漠玫瑰,机械公敌,法外狂徒,冰霜女巫,深海泰坦,大发明家,北极之怒,解脱者,深渊巨口,魔法猫咪,61734,53672,胜利
沙漠玫瑰,元素女皇,战争之影,解脱者,深海泰坦,熔岩巨兽,时间刺客,雪原双子,戏命师,圣锤之毅,54494,45235,胜利
沙漠玫瑰,酒桶,狂野女猎手,封魔剑魂,深海泰坦,解脱者,永猎双子,时间刺客,圣枪游侠,魂锁典狱长,40962,49924,失败
沙漠玫瑰,武器大师,永猎双子,黑暗之女,深海泰坦,圣锤之毅,兽灵行者,九尾妖狐,战争女神,蒸汽机器人,37094,29621,胜利
沙漠玫瑰,牧魂人,岩雀,疾风剑豪,深海泰坦,武器大师,北极之怒,不详之刃,麦林炮手,熔铁少女,23587,40134,失败
沙漠玫瑰,暗裔剑魔,含羞蓓蕾,卡牌大师,深海泰坦,牧魂人,破败之王,解脱者,涤魂圣枪,魂锁典狱长,41180,51722,失败
沙漠玫瑰,放逐之刃,狂野女猎手,元素女皇,腕豪,熔岩巨兽,德邦总管,山隐之焰,虚空之女,星界游神,69393,55344,胜利
沙漠玫瑰,放逐之刃,不屈之枪,荒漠屠夫,酒桶,诺克萨斯之手,狂野女猎手,封魔剑魂,逆羽,牛头酋长,40118,51319,失败
沙漠玫瑰,魔蛇之拥,兽灵行者,元素女皇,扭曲树精,诺克萨斯之手,狂野女猎手,封魔剑魂,暗夜猎手,虚空之眼,34778,48736,失败
沙漠玫瑰,无畏战车,北极之怒,荒漠屠夫,牛头酋长,离群之刺,含羞蓓蕾,刀锋之影,暗夜猎手,生化魔人,35793,46433,失败
沙漠玫瑰,熔岩巨兽,狂野女猎手,冰晶凤凰,深海泰坦,荒漠屠夫,含羞蓓蕾,机械先驱,暗夜猎手,光辉女郎,47789,53479,失败
沙漠玫瑰,破败之王,狂野女猎手,迷失之牙,深海泰坦,荒漠屠夫,兽灵行者,无极剑圣,复仇之矛,魂锁典狱长,53229,43698,胜利
沙漠玫瑰,扭曲树精,不灭狂雷,发条魔灵,深海泰坦,武器大师,兽灵行者,解脱者,暗夜猎手,魂锁典狱长,60831,49510,胜利
沙漠玫瑰,离群之刺,生化魔人,不屈之枪,涤魂圣枪,暗裔剑魔,破败之王,武器大师,暗夜猎手,弗雷尔卓德之心,70193,63025,胜利
沙漠玫瑰,无双剑姬,狂野女猎手,腕豪,深海泰坦,元素女皇,破败之王,疾风剑豪,赏金猎人,牛头酋长,67959,60303,胜利
沙漠玫瑰,暗裔剑魔,法外狂徒,发条魔灵,深海泰坦,迅捷斥候,虚空掠夺者,机械先驱,圣枪游侠,牛头酋长,46933,42982,胜利
沙漠玫瑰,迷失之牙,狂野女猎手,影流之主,深海泰坦,暮光之眼,破败之王,机械先驱,皮城女警,魂锁典狱长,47358,34518,胜利
沙漠玫瑰,熔岩巨兽,狂野女猎手,影流之主,涤魂圣枪,迷失之牙,北极之怒,破败之王,暴走萝莉,岩雀,60594,56183,胜利
沙漠玫瑰,武器大师,战争之影,破败之王,深海泰坦,青钢影,不灭狂雷,沙漠皇帝,虚空之女,血港鬼影,52292,42332,胜利
沙漠玫瑰,熔岩巨兽,盲僧,冰晶凤凰,星簌歌姬,未来守护者,德玛西亚皇子,机械先驱,残月之肃,魂锁典狱长,37379,50971,失败
麦林炮手,腕豪,永猎双子,暮光星灵,牛头酋长,荒漠屠夫,狂野女猎手,封魔剑魂,沙漠玫瑰,熔铁少女,52744,41539,胜利
麦林炮手,铁铠冥魂,战争之影,解脱者,弗雷尔卓德之心,迷失之牙,时间刺客,疾风剑豪,荣耀行刑官,曙光女神,40629,29667,胜利
麦林炮手,武器大师,雪原双子,黑暗之女,魂锁典狱长,熔岩巨兽,虚空遁地兽,正义巨像,寒冰射手,牛头酋长,45461,51316,失败
麦林炮手,机械先驱,法外狂徒,不详之刃,牛头酋长,迷失之牙,狂战士,冰霜女巫,复仇之矛,幻翎,35951,48222,失败
麦林炮手,青钢影,狂野女猎手,正义巨像,牛头酋长,暗裔剑魔,含羞蓓蕾,离群之刺,深渊巨口,熔铁少女,30337,21455,胜利
麦林炮手,圣锤之毅,皮城执法官,正义巨像,岩雀,离群之刺,蜘蛛女皇,荒漠屠夫,瘟疫之源,瓦洛兰之盾,45133,29078,胜利
麦林炮手,诺克萨斯之手,不灭狂雷,潮汐海灵,腕豪,未来守护者,蜘蛛女皇,武器大师,天启者,星界游神,26648,38428,失败
麦林炮手,齐天大圣,永恒梦魇,解脱者,幻翎,未来守护者,兽灵行者,离群之刺,惩戒之箭,星簌歌姬,46705,39415,胜利
麦林炮手,不灭狂雷,蜘蛛女皇,刀锋之影,曙光女神,破败之王,狂野女猎手,德邦总管,赏金猎人,牛头酋长,66505,76392,失败
麦林炮手,圣锤之毅,水晶先锋,机械先驱,暮光之眼,放逐之刃,岩雀,符文法师,虚空之女,曙光女神,29700,46717,失败
麦林炮手,暴怒骑士,永猎双子,解脱者,酒桶,傲之追猎者,蜘蛛女皇,不详之刃,探险家,风暴之怒,54147,42164,胜利
麦林炮手,未来守护者,影流之镰,不详之刃,幻翎,扭曲树精,法外狂徒,影流之主,沙漠玫瑰,牛头酋长,39678,48603,失败
麦林炮手,无双剑姬,狂野女猎手,暗黑元首,牛头酋长,傲之追猎者,永猎双子,卡牌大师,圣枪游侠,仙灵女巫,43230,45836,失败
麦林炮手,暗裔剑魔,不灭狂雷,暗黑元首,扭曲树精,诺克萨斯之手,狂战士,天启者,暗夜猎手,酒桶,50131,60634,失败
麦林炮手,齐天大圣,兽灵行者,酒桶,幻翎,青钢影,狂战士,封魔剑魂,戏命师,魂锁典狱长,37499,29544,胜利
麦林炮手,仙灵女巫,法外狂徒,亡灵战神,不屈之枪,疾风剑豪,岩雀,影流之主,寒冰射手,深海泰坦,19593,34078,失败
麦林炮手,荒漠屠夫,狂野女猎手,武器大师,幻翎,亡灵战神,不灭狂雷,机械先驱,探险家,魂锁典狱长,45057,36377,胜利
麦林炮手,虚空恐惧,永恒梦魇,暮光星灵,堕落天使,解脱者,德邦总管,迷失之牙,惩戒之箭,酒桶,65766,58165,胜利
麦林炮手,机械公敌,法外狂徒,冰霜女巫,牛头酋长,不屈之枪,岩雀,元素女皇,沙漠玫瑰,熔铁少女,43558,47743,失败
麦林炮手,荒漠屠夫,蜘蛛女皇,破败之王,牛头酋长,永恒梦魇,祖安狂人,酒桶,虚空之女,熔铁少女,32408,24432,胜利
麦林炮手,熔岩巨兽,法外狂徒,暮光星灵,酒桶,武器大师,岩雀,影流之主,探险家,血港鬼影,55913,45000,胜利
麦林炮手,无双剑姬,恶魔小丑,正义巨像,天启者,武器大师,虚空掠夺者,黑暗之女,残月之肃,魂锁典狱长,50215,39137,胜利
麦林炮手,山隐之焰,法外狂徒,九尾妖狐,牛头酋长,迷失之牙,蜘蛛女皇,刀锋之影,深渊巨口,酒桶,33604,49839,失败
麦林炮手,暴怒骑士,岩雀,元素女皇,腕豪,青钢影,死亡颂唱者,正义巨像,涤魂圣枪,魂锁典狱长,50031,38628,胜利
麦林炮手,放逐之刃,岩雀,亡灵战神,熔铁少女,未来守护者,恶魔小丑,时间刺客,探险家,星界游神,43091,52134,失败
麦林炮手,武器大师,时间刺客,破败之王,曙光女神,解脱者,影流之镰,冰晶凤凰,皮城女警,魂锁典狱长,84035,81141,胜利
麦林炮手,迷失之牙,狂野女猎手,封魔剑魂,星界游神,暗裔剑魔,战争之影,暮光星灵,逆羽,风暴之怒,28320,26945,胜利
